professors_id,first_name,last_name,birth_date,gender,phone_number,salary
1,Francene,Harroll,1969-07-15,Female,271-880-5818,$1608.87
2,Guenna,Cobson,1962-11-06,Female,906-842-5577,$1093.50
3,Laural,Rosenkrantz,1973-05-03,Female,547-625-7111,$2530.41
4,Alistair,Hounihan,1991-01-17,Male,759-857-4067,$1152.31
5,Standford,Redfern,1997-12-24,Male,153-523-4386,$1326.01
6,Kathlin,Clurow,1960-01-05,Genderqueer,895-561-5278,$3075.28
7,Hube,Swift,1962-04-24,Non-binary,541-210-0727,$2805.96
8,Rosaline,Simon,1985-03-20,Female,305-195-2837,$3368.47
9,Ike,Gitsham,1991-12-25,Male,179-170-5714,$2622.80
10,Corene,Loxston,1963-07-16,Female,512-956-3996,$1087.62
11,Grier,Cookney,1969-01-09,Non-binary,336-170-8035,$3217.59
12,Rozamond,Colcomb,1979-07-24,Female,535-847-7146,$1704.55
13,Opal,Sudron,1983-10-31,Genderqueer,268-606-6520,$2564.85
14,Nancey,Zahor,1979-07-03,Female,719-291-0079,$1818.85
15,Kristin,Gosdin,1961-08-24,Female,624-739-5451,$1603.71
16,Karylin,Gammell,1966-04-05,Female,603-414-3721,$1000.79
17,Aidan,Looby,1983-09-14,Female,437-152-9865,$3201.10
18,Normand,Lismore,1977-02-11,Male,594-917-7826,$2788.73
19,Petunia,Crebott,1991-04-12,Female,383-358-4172,$2272.59
20,Gearard,Ingreda,1993-03-15,Male,998-976-5601,$3712.05
21,Kaylil,Blagdon,1974-11-26,Female,633-173-1486,$1870.66
22,Loren,Whapples,1995-02-07,Female,648-374-6807,$2964.98
23,Basil,Borg,1983-04-04,Male,686-477-4688,$3853.86
24,Suzette,Hollingsby,1980-12-05,Genderqueer,222-747-2144,$1736.94
25,Tandy,Mylan,1980-07-17,Female,474-817-0779,$3188.84
26,Bradney,Moine,1962-11-30,Male,572-920-2765,$2317.80
27,Rudolfo,Bearblock,1994-01-11,Male,151-574-6382,$1724.36
28,Carling,Abbado,1984-08-11,Male,502-787-5000,$3751.15
29,Karney,Filby,1962-01-14,Male,948-111-8422,$2396.88
30,Porty,Buttriss,1962-12-10,Male,567-760-9557,$2851.63
31,Homere,Mitchelson,1993-09-04,Male,800-978-7490,$1355.93
32,Idelle,Menilove,1984-02-25,Female,571-626-4656,$1541.63
33,Antony,Doddridge,1963-06-14,Male,131-455-7507,$1181.31
34,Ida,Draycott,1969-05-15,Female,798-997-0928,$1605.09
35,Sacha,Baraclough,1971-10-16,Female,313-697-6567,$3091.38
36,Terza,Weale,1975-01-22,Female,796-555-0100,$3381.20
37,Lyle,Mapples,1965-12-24,Male,774-733-6484,$2759.52
38,Sela,Harriagn,1963-12-31,Female,780-136-9786,$1129.81
39,Kora,Wreath,1973-01-25,Female,776-776-8754,$3957.85
40,Dorothy,McAless,1976-09-21,Female,482-291-7019,$2108.96
41,Fawn,Anselmi,1961-04-20,Bigender,613-937-1189,$2814.97
42,Denni,Bate,1966-10-01,Female,331-838-7218,$3160.70
43,Philippe,Matzaitis,1991-02-08,Female,690-489-1321,$2237.84
44,Derek,Rivard,1972-04-08,Male,513-765-5451,$3738.29
45,Jere,Kleinbaum,1997-07-09,Male,751-381-7477,$3809.31
46,Benedict,Trigg,1980-02-02,Male,715-474-7138,$1714.74
47,Dougie,Starkie,1965-09-03,Male,619-162-8372,$1055.11
48,Pia,Precious,1987-12-15,Female,193-955-0699,$3844.02
49,Lemmie,Bellee,1965-12-13,Male,360-362-4291,$3656.57
50,Tomlin,Crevagh,1986-01-07,Genderfluid,807-418-2775,$3288.30
51,Goldi,Huyge,1979-05-13,Female,911-637-2743,$3361.53
52,Johnnie,Alders,1986-11-21,Male,507-845-3639,$1083.67
53,Fabian,Rousel,1997-11-20,Male,927-335-7787,$1089.90
54,Bathsheba,Graalman,1983-01-16,Female,345-531-5682,$3605.57
55,Pansie,Manlow,1961-10-31,Female,443-699-1772,$3352.81
56,Carrol,Branchett,1994-04-29,Male,472-102-1605,$1958.51
57,Augustine,Damerell,1983-09-22,Genderfluid,614-257-9918,$2576.61
58,Tillie,Ruffell,1975-06-12,Polygender,243-550-3501,$2930.24
59,Ada,Yellep,1972-10-25,Female,716-110-2467,$1389.22
60,Meggi,Lyttle,1964-01-09,Female,650-940-1239,$2265.51
61,Raleigh,Pammenter,1978-08-12,Male,313-827-2487,$1837.87
62,Elia,Jeffels,1993-03-10,Male,634-170-3991,$3463.81
63,Clea,Delepine,1971-01-31,Female,587-238-9441,$3282.64
64,Lona,Pigford,1971-07-07,Agender,353-894-5873,$2937.76
65,Glenden,Entwisle,1969-07-26,Male,450-236-1284,$2311.63
66,Darrelle,Foxen,1995-05-03,Female,788-870-0572,$2005.38
67,Ruperta,Pleasance,1960-10-23,Female,821-636-1046,$2966.45
68,Elmo,Belt,1996-04-14,Male,645-399-4327,$2433.97
69,Emeline,Ledgerton,1993-07-19,Female,336-965-9515,$1118.46
70,Terrel,Hiscoke,1974-03-14,Male,261-847-8506,$3220.70
71,Lauritz,Clulow,1974-10-12,Agender,795-177-7268,$2348.46
72,Sharona,Peto,1972-12-04,Genderfluid,494-240-9696,$2903.34
73,Dario,Collman,1969-02-12,Male,729-808-3581,$2437.51
74,Arte,Tooley,1976-11-07,Male,140-469-5717,$3994.93
75,Bobby,Giorgetti,1991-11-23,Female,114-180-4463,$3517.65
76,Thibaud,Petrasch,1972-03-31,Male,877-927-4824,$3972.55
77,Egbert,Cluderay,1978-10-10,Male,913-968-8834,$1259.37
78,Orsa,Madgwich,1979-04-28,Female,409-910-1003,$1817.17
79,Nelson,Garms,1984-04-19,Male,322-924-3800,$1069.98
80,Dede,Clausen-Thue,1993-02-12,Genderfluid,760-675-1043,$3704.73
81,Susanetta,Gotch,1985-01-23,Female,238-704-0605,$3353.28
82,Garvy,Bendan,1986-02-27,Male,458-299-6776,$1141.01
83,Mari,Boliver,1972-09-06,Female,835-792-7879,$2229.27
84,Cullen,Routledge,1970-08-17,Male,672-377-0823,$1467.91
85,Edmon,Corden,1974-07-22,Male,876-173-9170,$3832.57
86,Farah,Petters,1980-02-07,Female,207-824-9517,$3581.33
87,Gardie,Briffett,1962-11-05,Male,110-408-6778,$2569.09
88,Elwyn,Killelay,1983-06-21,Male,224-111-9558,$2711.37
89,Edgard,Fergyson,1981-08-11,Male,195-689-4498,$2712.94
90,Vivian,Birkett,1974-01-05,Female,157-492-0566,$1686.88
91,Risa,Scamal,1985-01-22,Female,108-901-9520,$2632.17
92,Kissie,Pedden,1965-09-01,Female,741-512-1748,$3170.06
93,Anabella,Hinstridge,1979-05-21,Female,425-681-4546,$3208.05
94,Lodovico,Telega,1975-08-05,Male,900-237-9893,$2710.12
95,Johan,Verheijden,1970-12-12,Male,720-560-5793,$1660.01
96,Valentina,Collop,1971-05-27,Female,523-593-5546,$2490.35
97,Julie,Pettifor,1994-06-05,Male,214-602-0621,$1530.76
98,Maryellen,Heibel,1973-08-27,Female,601-410-2218,$2258.68
99,Arliene,Asher,1985-05-11,Female,772-372-8135,$2562.67
100,Mordecai,Element,1975-05-14,Male,470-489-4399,$2100.39
101,Janie,Minty,1979-10-12,Female,530-205-5255,$1592.28
102,Gipsy,Alway,1965-01-22,Female,832-952-9739,$2670.39
103,Pepillo,Ivery,1962-07-03,Male,956-990-4677,$1617.19
104,Corabel,Mathews,1977-08-08,Female,471-272-9403,$2453.72
105,Reece,Gehricke,1974-12-08,Male,659-404-0476,$2876.03
106,Michel,A'Barrow,1994-10-31,Male,824-487-2030,$1986.14
107,Morse,Joris,1973-08-01,Male,151-552-6197,$1205.22
108,Chelsea,Grandison,1968-02-18,Female,451-898-4683,$2332.63
109,Andros,Germann,1961-02-27,Male,671-817-1911,$3677.55
110,Clarke,Checklin,1974-04-02,Male,797-495-9002,$1277.33
111,Olympia,Coot,1971-01-09,Female,849-446-4325,$2329.72
112,Celestyn,Busst,1965-12-01,Female,603-875-7424,$3551.42
113,Devland,Hayhurst,1971-10-08,Male,636-331-1424,$3848.90
114,Kimberly,Brabham,1996-01-20,Female,853-271-7219,$2540.51
115,Yolanthe,Dawbury,1993-03-19,Female,498-630-4039,$3434.32
116,Aurlie,Meagh,1993-01-12,Female,450-899-3678,$2025.32
117,Lelah,Satcher,1967-01-27,Female,574-197-6833,$2783.74
118,Elliot,Fernant,1985-12-05,Male,316-504-3522,$2177.29
119,Clarence,Tomkiss,1973-06-25,Male,312-250-8995,$1550.42
120,Conny,De Anesy,1980-09-18,Male,791-448-4417,$3494.11
121,Damara,Carmel,1964-11-22,Female,610-170-4205,$3304.89
122,Adiana,Phizackarley,1989-04-04,Female,279-455-4894,$1941.71
123,Barty,Seagar,1975-02-22,Male,864-207-9037,$2589.46
124,Ricky,Lindenberg,1984-03-13,Male,704-321-4299,$3365.00
125,Arlyn,Hartzogs,1966-08-23,Female,758-768-9153,$3973.44
126,Fidela,McKennan,1977-06-20,Female,854-261-5640,$1829.12
127,Kit,Sedgebeer,1977-01-25,Male,384-287-4933,$3777.69
128,Ruperto,Ianinotti,1964-07-04,Male,380-389-6972,$2772.34
129,Russell,Pedrol,1981-08-22,Male,259-861-3157,$1923.09
130,Garreth,Birtle,1963-03-13,Male,628-201-7105,$1715.20
131,Krishna,Benda,1971-01-21,Male,553-274-1597,$1961.52
132,Ellette,Ebbotts,1990-08-29,Female,490-843-9725,$2701.27
133,Odo,Norville,1984-05-01,Male,568-957-3807,$1857.67
134,Elyn,Buckthorp,1978-07-06,Female,238-776-8495,$3975.95
135,Moll,Thomke,1982-08-09,Female,855-265-2198,$3895.39
136,Retha,Kornes,1992-07-29,Female,695-765-9068,$3193.10
137,Theo,Shropshire,1971-02-22,Male,116-170-5364,$1703.12
138,Morten,MacParlan,1988-05-13,Male,918-693-1161,$2859.85
139,Bryanty,Westney,1960-01-06,Male,181-527-7587,$1008.42
140,Caril,Meaney,1966-05-25,Agender,944-990-3338,$2713.31
141,Perl,Ellicott,1989-12-06,Female,854-505-9364,$1715.97
142,Annamarie,Nursey,1972-10-17,Female,666-821-9967,$3257.72
143,Amerigo,Traynor,1981-03-03,Male,199-189-2793,$1423.83
144,Kingston,Mynott,1997-12-27,Bigender,673-263-5804,$1477.96
145,Kiah,Lowry,1961-02-14,Female,365-580-2746,$2691.20
146,Debby,Buchan,1972-10-29,Female,969-534-3387,$1159.21
147,Broderick,Baruch,1966-10-15,Male,515-883-9577,$2349.62
148,Elysee,Breem,1969-10-17,Female,159-340-7346,$2979.84
149,Reid,Todeo,1992-12-05,Male,860-265-5717,$1870.84
150,Kelley,Friese,1987-06-20,Male,433-346-9458,$1111.38
151,Sharai,Bullar,1971-06-28,Female,986-430-8456,$1687.69
152,Sloan,Sier,1962-05-05,Male,112-843-3472,$3725.01
153,Broderick,Yakutin,1973-04-22,Male,411-224-7316,$1282.82
154,Shep,Lebell,1969-04-04,Male,633-757-3020,$2232.35
155,Kathryne,Spelsbury,1968-04-23,Female,604-571-7106,$2774.54
156,Shadow,Abbett,1979-12-29,Male,789-868-0566,$2565.10
157,Anna-maria,Mahody,1984-05-21,Non-binary,454-264-2383,$2904.96
158,Natasha,McCobb,1973-08-07,Female,541-103-4752,$3201.20
159,Rodrique,Creeboe,1992-02-01,Male,504-266-9732,$1751.75
160,Earlie,Chidzoy,1967-01-02,Male,248-710-2262,$1391.64
161,Alameda,Tzarkov,1969-05-05,Female,570-409-5836,$1072.74
162,Kinny,Sansome,1986-04-05,Male,702-133-8320,$1452.29
163,Ignaz,Wilks,1968-01-22,Male,769-225-9969,$2627.64
164,Tull,Bagnold,1971-11-15,Genderfluid,920-946-1820,$1430.50
165,Jaine,Richt,1987-02-16,Female,733-126-7621,$3397.50
166,Godfry,Paddick,1964-08-01,Male,317-664-2677,$3332.72
167,Constantino,Campo,1992-06-08,Polygender,177-719-9986,$3010.43
168,Jan,Geely,1983-03-22,Non-binary,110-368-5424,$3678.35
169,Neile,Shelbourne,1995-07-08,Agender,393-192-2447,$1919.65
170,Teriann,McDarmid,1978-05-07,Genderfluid,558-920-3645,$2966.62
171,Shanan,Booth,1965-11-17,Male,778-283-4828,$2876.05
172,Humfrid,Bertome,1979-04-10,Non-binary,853-437-7617,$2442.85
173,Boonie,Revance,1976-08-19,Male,305-449-1355,$2962.85
174,Ailina,Hurren,1980-04-17,Female,732-321-8999,$2007.88
175,Elisha,Petracek,1996-12-30,Female,322-308-5436,$2034.70
176,Dana,Fryd,1973-09-04,Female,858-599-6670,$2651.92
177,Demetris,Rhubottom,1971-12-26,Male,732-462-0806,$3689.65
178,Jarvis,Humpherston,1974-08-31,Male,748-669-0066,$2351.12
179,Liliane,Kingzett,1993-08-01,Female,603-338-6492,$2894.71
180,Emlyn,Shillan,1990-06-29,Male,217-454-4239,$1313.76
181,Helena,Cubley,1964-02-13,Female,697-571-3171,$2268.11
182,Tiphany,Tirte,1997-10-02,Non-binary,386-589-1717,$3371.75
183,Marilee,Sherrell,1962-11-05,Female,834-379-3255,$3890.28
184,Zelma,Shoorbrooke,1969-10-09,Female,202-197-0918,$2316.34
185,Dukey,Fealy,1992-04-15,Male,727-777-0310,$3869.00
186,Maryrose,Doidge,1981-10-06,Female,191-604-5458,$1948.30
187,Marietta,Campany,1991-11-06,Male,157-110-3345,$1762.05
188,Marcia,De Avenell,1963-12-13,Female,497-769-6430,$1896.05
189,Emelita,Tremble,1982-08-22,Female,733-454-0321,$2314.73
190,Inga,Musso,1997-09-26,Female,632-687-0720,$1542.23
191,Pru,Fairbrass,1979-01-06,Female,594-867-7928,$1841.63
192,Martie,Grebner,1965-10-03,Male,236-150-0651,$2547.26
193,Caroljean,Lawly,1961-03-01,Female,301-638-1245,$3645.47
194,Ulrike,Alvey,1989-02-12,Genderfluid,601-765-1192,$3407.61
195,Angele,Steptoe,1982-05-28,Female,335-110-9301,$3044.54
196,Phylis,Boleyn,1997-04-29,Female,930-109-9711,$2546.17
197,Salomo,Devin,1979-03-24,Male,170-706-8822,$3964.02
198,Averell,Schmuhl,1972-09-19,Male,679-669-1291,$3895.95
199,Sascha,Pharoah,1974-03-17,Female,397-373-5551,$1934.46
200,Hymie,Ernke,1964-04-27,Male,223-176-5398,$3632.73
201,Arabelle,Giocannoni,1963-05-17,Female,996-415-1631,$2342.08
202,Isiahi,Pohlke,1969-04-19,Male,378-577-0475,$2040.09
203,Terrijo,Luck,1986-03-28,Female,762-549-0415,$1466.45
204,Shari,Lochet,1987-10-09,Female,612-425-0251,$1321.09
205,Marylynne,Annes,1973-07-29,Female,494-911-6193,$3641.41
206,Alice,Kemston,1962-07-22,Female,552-526-0995,$2549.40
207,Dredi,Gladebeck,1997-04-26,Female,707-721-6587,$3686.15
208,Waldemar,Longhorne,1993-04-23,Male,804-500-9070,$2065.37
209,Agnola,Andree,1995-03-22,Female,345-138-1341,$3480.73
210,Lynette,Angeli,1961-02-06,Female,774-536-3855,$2903.04
211,Jarvis,Murton,1997-05-26,Male,263-973-4977,$3471.59
212,Benoit,Pape,1975-07-31,Male,930-219-3729,$1893.30
213,Laetitia,Bocock,1996-05-01,Female,659-290-7786,$2432.34
214,Oby,Westmacott,1971-02-17,Male,573-653-7199,$2953.08
215,Drucy,Dumbelton,1982-02-27,Female,297-365-6038,$2755.19
216,Harmonie,Hendricks,1988-01-13,Female,351-138-4053,$1512.70
217,Catlee,Vaudrey,1974-09-12,Female,119-852-4890,$1707.39
218,Jefferey,Hanby,1974-03-15,Male,651-991-9857,$2323.22
219,Bondie,Caccavella,1977-08-01,Genderqueer,804-290-6916,$2659.92
220,Mela,Borrow,1996-08-21,Female,926-974-3339,$3129.70
221,Patience,Pleass,1995-11-02,Agender,825-284-6155,$1577.14
222,Alfy,Skeermer,1993-07-14,Polygender,868-836-8709,$3844.93
223,Anallise,Salvadori,1966-04-16,Female,157-866-5073,$3159.25
224,Efren,McMeeking,1991-05-13,Male,127-577-6647,$2109.63
225,Ezechiel,Heugel,1970-03-23,Male,516-872-9460,$1161.99
226,Melisande,de Quincey,1988-11-17,Female,835-173-5088,$2485.56
227,Karney,Johantges,1986-05-23,Male,161-563-3075,$3895.41
228,Josy,Serjent,1961-03-21,Female,309-559-6416,$1256.90
229,Levy,Vivians,1966-04-09,Male,282-838-1713,$3574.94
230,Rafaellle,Reyburn,1980-09-04,Male,221-574-3724,$2827.12
231,Crawford,Swayte,1975-08-06,Genderqueer,817-896-5122,$3118.11
232,Conny,Bollin,1970-01-29,Male,109-679-0040,$2150.86
233,Waylin,Gierhard,1970-04-12,Male,423-288-9220,$2661.93
234,Binny,McCarty,1968-11-09,Female,224-613-7733,$3938.85
235,Monro,Boseley,1962-03-29,Male,337-772-0106,$2099.61
236,Wanids,Escalero,1968-04-29,Female,271-388-8206,$3050.58
237,Dionisio,Goldis,1990-05-16,Male,523-268-4574,$2098.73
238,Garvy,Saterweyte,1989-11-06,Male,548-737-1888,$3495.74
239,Connie,Amberg,1996-06-01,Female,761-982-4644,$2075.26
240,Blakelee,Pountain,1987-01-18,Female,270-915-0771,$1963.62
241,Sayre,Beddoes,1979-05-02,Male,963-224-8959,$1941.15
242,Livy,Lehr,1995-04-03,Female,208-294-6588,$3581.85
243,Isabella,Clemow,1966-02-01,Female,355-911-6022,$2758.15
244,Ernestus,Imesson,1968-08-07,Male,142-239-5607,$2619.68
245,Josy,Pavluk,1976-04-13,Non-binary,450-748-8778,$2934.24
246,Benni,Davidge,1970-09-16,Female,216-993-8002,$2903.85
247,Odessa,Cody,1980-07-26,Female,826-627-0297,$2785.33
248,Anderson,Luckie,1988-10-28,Male,974-979-4445,$2431.77
249,Obadias,Helks,1984-02-26,Male,222-766-6645,$2707.47
250,Jaymee,Benkhe,1984-09-10,Female,583-136-9741,$2036.78
251,Elspeth,Dallyn,1994-02-14,Female,836-363-1497,$1785.98
252,Daune,Kembery,1960-01-20,Female,668-861-5003,$1534.78
253,Claiborn,Jennens,1976-05-19,Male,697-957-8302,$1857.25
254,Bruce,Colleton,1977-09-30,Male,689-866-5349,$1083.78
255,Hazel,Douch,1993-01-27,Female,802-851-6295,$2174.47
256,Pegeen,Ewings,1977-09-12,Female,733-625-6132,$3788.71
257,Huntington,Alcorn,1991-07-28,Male,622-685-3149,$1521.55
258,Dareen,Ferie,1970-11-01,Female,650-855-2000,$2779.55
259,Allan,Hillum,1997-07-08,Male,286-303-1919,$1550.60
260,Kenneth,Clevely,1960-12-29,Agender,280-168-2831,$1047.03
261,Guthry,Shorbrook,1996-05-04,Male,499-576-6043,$3169.68
262,Burch,Daulton,1993-12-02,Male,433-358-0734,$1395.77
263,Rayner,Tomaszkiewicz,1979-07-12,Male,547-626-1468,$3660.40
264,Albrecht,Preedy,1983-12-14,Male,138-435-1788,$1647.10
265,Vivianne,Chidlow,1983-09-09,Female,241-698-7044,$3454.63
266,Tabb,Cuesta,1969-09-28,Male,498-467-2046,$2320.82
267,Reuben,Ironmonger,1985-12-27,Male,781-108-5399,$2063.42
268,Licha,Lunney,1967-12-14,Female,948-569-7794,$3717.12
269,Inna,Oxbie,1961-03-26,Female,725-881-4093,$1138.60
270,Gawen,Stennine,1961-04-16,Male,525-966-5626,$2714.84
271,Melisa,Hartless,1973-11-05,Female,218-722-0080,$1579.36
272,Vlad,Kolak,1968-08-26,Male,670-901-1874,$1550.33
273,Hakeem,Van Velde,1963-02-28,Male,308-117-3701,$2978.94
274,Etti,Scranedge,1976-09-12,Female,648-735-0756,$3843.87
275,Johnny,Galway,1988-05-10,Male,862-189-2191,$1503.90
276,Allene,Matityahu,1969-03-29,Female,540-131-9244,$2150.89
277,Devina,Schollar,1979-10-02,Female,931-475-6848,$3312.44
278,Nate,Gilfoy,1969-03-21,Male,348-613-8672,$1933.66
279,Dex,Gohier,1979-08-29,Male,277-191-4128,$2983.63
280,Ibbie,Allbones,1967-03-28,Female,947-245-8274,$2990.43
281,Dre,Douce,1966-03-05,Female,604-614-5887,$2118.50
282,Grazia,Wankling,1994-01-03,Female,771-249-6707,$2904.27
283,Oates,Ashmore,1962-01-12,Male,275-100-3147,$2535.25
284,Winny,Backs,1990-05-07,Polygender,545-122-0490,$1929.30
285,Gare,Batrick,1987-02-09,Male,124-801-3271,$1606.51
286,Chuck,Dallon,1962-11-08,Male,421-735-6204,$1139.18
287,Hatty,Yakubovics,1975-07-15,Genderqueer,750-197-1995,$2568.84
288,Jody,Knaggs,1990-06-25,Female,127-203-3502,$1096.49
289,Hamnet,Rawls,1977-07-01,Male,719-788-7795,$3169.69
290,Niels,Mully,1969-12-04,Male,989-605-7730,$1146.78
291,Humphrey,Dorsett,1987-04-13,Male,288-526-5189,$3381.42
292,Goldi,Dreye,1967-05-25,Female,217-336-1091,$2008.57
293,Meaghan,Domenico,1983-09-30,Female,547-356-3753,$1029.29
294,Alanna,Corrington,1966-01-31,Female,864-168-1825,$1946.22
295,Denice,Imore,1965-06-13,Non-binary,218-606-6982,$2009.47
296,Winston,Pentin,1971-12-20,Male,602-136-9140,$1985.21
297,Merrile,Darville,1975-04-29,Female,252-247-2671,$1365.45
298,Solomon,Mallard,1987-12-10,Male,186-791-8206,$2572.19
299,Philbert,Dobell,1988-03-20,Male,168-909-2317,$3062.76
300,Jean,Sapp,1982-06-21,Female,295-874-3540,$1635.68
